{"Loss": 0.014615776017308235, "_runtime": 76, "_timestamp": 1636303407, "_step": 181, "Val Loss": 0.19167129695415497, "Acc": 99.4, "Val Acc": 73.7}