{"Loss": 0.014008317200932652, "_runtime": 96, "_timestamp": 1636303427, "_step": 229, "Val Loss": 0.21760860085487366, "Acc": 99.4, "Val Acc": 73.0}