{"Loss": 0.08179999561980367, "_runtime": 16, "_timestamp": 1636303347, "_step": 23, "Val Loss": 0.18078383803367615, "Acc": 97.1, "Val Acc": 77.4}