{"Loss": 0.02657465939410031, "_runtime": 29, "_timestamp": 1636303360, "_step": 59, "Val Loss": 0.1915236860513687, "Acc": 99.05, "Val Acc": 74.9}