{"Loss": 0.029411243158392608, "_runtime": 35, "_timestamp": 1636303366, "_step": 75, "Val Loss": 0.20818489789962769, "Acc": 99.15, "Val Acc": 74.3}