{"Loss": 0.013509360840544105, "_runtime": 1372, "_timestamp": 1636302892, "_step": 3999, "Val Loss": 1.3997492790222168, "Acc": 99.4, "Val Acc": 72.5, "_wandb": {"runtime": 1368}}