{"Loss": 0.13437537848949432, "_runtime": 8, "_timestamp": 1636301337, "_step": 1, "Val Loss": 0.15665332973003387, "_wandb": {"runtime": 16}}