{"Loss": 0.10435424651950598, "_runtime": 18, "_timestamp": 1636303286, "_step": 19, "Val Loss": 0.19505256414413452, "Acc": 96.25, "Val Acc": 74.4}